time,position,velocity,energy
0,10,0,50
0.1,9.95004,-0.998333,50
0.2,9.80067,-1.98669,50
0.3,9.55337,-2.9552,50
0.4,9.21061,-3.89418,50
0.5,8.77583,-4.79425,50
0.6,8.25336,-5.64642,50
0.7,7.64843,-6.44217,50
0.8,6.96707,-7.17356,50
0.9,6.21611,-7.83326,50
1,5.40303,-8.4147,50
1.1,4.53597,-8.91207,50
1.2,3.62359,-9.32039,50
1.3,2.675,-9.63558,50
1.4,1.69968,-9.85449,50
1.5,0.707384,-9.97495,50
1.6,-0.291982,-9.99574,50
1.7,-1.28843,-9.91665,50
1.8,-2.27201,-9.73848,50
1.9,-3.23288,-9.463,50
2,-4.16145,-9.09298,50
2.1,-5.04845,-8.6321,50
2.2,-5.885,-8.08497,50
2.3,-6.66274,-7.45706,50
2.4,-7.37392,-6.75465,50
2.5,-8.01142,-5.98474,50
2.6,-8.56887,-5.15503,50
2.7,-9.04071,-4.27382,50
2.8,-9.42221,-3.3499,50
2.9,-9.70957,-2.39252,50
3,-9.89992,-1.41122,50
3.1,-9.99135,-0.415832,50
3.2,-9.98295,0.583715,50
3.3,-9.8748,1.57743,50
3.4,-9.66799,2.55538,50
3.5,-9.36457,3.5078,50
3.6,-8.9676,4.42518,50
3.7,-8.48101,5.29833,50
3.8,-7.90969,6.11855,50
3.9,-7.25934,6.87764,50
4,-6.53646,7.568,50
4.1,-5.74827,8.18275,50
4.2,-4.90264,8.71574,50
4.3,-4.00802,9.16164,50
4.4,-3.07336,9.51601,50
4.5,-2.10799,9.77529,50
4.6,-1.12156,9.9369,50
4.7,-0.123926,9.99923,50
4.8,0.87495,9.96165,50
4.9,1.86508,9.82453,50
5,2.83658,9.58925,50
5.1,3.77974,9.25816,50
5.2,4.68513,8.83456,50
5.3,5.5437,8.3227,50
5.4,6.34689,7.72767,50
5.5,7.08666,7.05543,50
5.6,7.75563,6.3127,50
5.7,8.3471,5.50689,50
5.8,8.85517,4.64606,50
5.9,9.27476,3.73881,50
6,9.60168,2.7942,50
6.1,9.83267,1.82167,50
6.2,9.96541,0.830945,50
6.3,9.99858,-0.168087,50
6.4,9.93185,-1.16544,50
6.5,9.76588,-2.15115,50
6.6,9.50234,-3.11536,50
6.7,9.14385,-4.04845,50
6.8,8.694,-4.94108,50
6.9,8.15728,-5.78435,50
7,7.53906,-6.56982,50
7.1,6.84551,-7.28965,50
7.2,6.08356,-7.93664,50
7.3,5.26082,-8.50433,49.9999
7.4,4.38553,-8.98705,49.9999
7.5,3.46641,-9.37997,49.9999
7.6,2.51266,-9.67918,49.9999
7.7,1.5338,-9.88167,49.9999
7.8,0.539619,-9.98542,49.9999
7.9,-0.459955,-9.98941,49.9999
8,-1.45493,-9.89359,49.9999
8.1,-2.43537,-9.69891,49.9999
8.2,-3.39148,-9.40732,49.9999
8.3,-4.3137,-9.02174,49.9999
8.4,-5.19282,-8.54602,49.9999
8.5,-6.02006,-7.98491,49.9999
8.6,-6.78714,-7.34402,49.9999
8.7,-7.48641,-6.62974,49.9999
8.8,-8.11088,-5.84923,49.9999
8.9,-8.65431,-5.01027,49.9999
9,-9.11127,-4.12125,49.9999
9.1,-9.47719,-3.19105,49.9999
9.2,-9.74841,-2.22897,49.9999
9.3,-9.92224,-1.24462,49.9999
9.4,-9.99692,-0.247832,49.9999
9.5,-9.97172,0.751432,49.9999
9.6,-9.84689,1.74319,49.9999
9.7,-9.62366,2.71753,49.9999
9.8,-9.30429,3.66471,49.9999
9.9,-8.89194,4.57528,49.9999
10,-8.39075,5.44014,49.9999
10.1,-7.80573,6.25064,49.9999
10.2,-7.14271,6.99868,49.9999
10.3,-6.40833,7.6768,49.9999
10.4,-5.60991,8.27821,49.9999
10.5,-4.75544,8.79691,49.9999
10.6,-3.85346,9.22771,49.9999
10.7,-2.91298,9.56632,49.9999
10.8,-1.94339,9.80934,49.9999
10.9,-0.954378,9.95435,49.9999
11,0.0441656,9.99989,49.9999
11.1,1.04227,9.94553,49.9999
11.2,2.02996,9.79179,49.9999
11.3,2.99736,9.54021,49.9999
11.4,3.93482,9.19332,49.9999
11.5,4.83296,8.75456,49.9999
11.6,5.68281,8.22833,49.9999
11.7,6.47588,7.61989,49.9999
11.8,7.20425,6.93532,49.9999
11.9,7.86064,6.18144,49.9999
12,8.43848,5.36581,49.9999
12.1,8.93201,4.49656,49.9999
12.2,9.33629,3.58238,49.9999
12.3,9.64729,2.63241,49.9999
12.4,9.8619,1.65614,49.9999
12.5,9.97797,0.663322,49.9999
12.6,9.99434,-0.336126,49.9999
12.7,9.91085,-1.33221,49.9999
12.8,9.72834,-2.31499,49.9999
12.9,9.44863,-3.27464,49.9999
13,9.0745,-4.20157,49.9999
13.1,8.60971,-5.08652,49.9999
13.2,8.0589,-5.92064,49.9999
13.3,7.42756,-6.69561,49.9999
13.4,6.72201,-7.40368,49.9999
13.5,5.94929,-8.03777,49.9999
13.6,5.11713,-8.59155,49.9999
13.7,4.23384,-9.05949,49.9999
13.8,3.30825,-9.43691,49.9999
13.9,2.34961,-9.72004,49.9999
14,1.36749,-9.90605,49.9999
14.1,0.3717,-9.99308,49.9999
14.2,-0.627799,-9.98026,49.9999
14.3,-1.62103,-9.86773,49.9999
14.4,-2.59806,-9.6566,49.9999
14.5,-3.54913,-9.34898,49.9999
14.6,-4.46474,-8.94796,49.9999
14.7,-5.33574,-8.45752,49.9999
14.8,-6.15342,-7.88259,49.9999
14.9,-6.90963,-7.22889,49.9999
15,-7.59679,-6.50297,49.9999
15.1,-8.20805,-5.71207,49.9999
15.2,-8.7373,-4.86409,49.9999
15.3,-9.17925,-3.96752,49.9999
15.4,-9.52948,-3.0313,49.9999
15.5,-9.7845,-2.0648,49.9999
15.6,-9.94175,-1.07766,49.9999
15.7,-9.99967,-0.0797621,49.9999
15.8,-9.95768,0.918937,49.9999
15.9,-9.81619,1.90845,49.9999
16,-9.57662,2.8789,49.9999
16.1,-9.24137,3.82059,49.9999
16.2,-8.81378,4.7241,49.9999
16.3,-8.29812,5.5804,49.9999
16.4,-7.69956,6.38095,49.9999
16.5,-7.02406,7.11775,49.9999
16.6,-6.27838,7.78343,49.9999
16.7,-5.46997,8.37133,49.9999
16.8,-4.6069,8.8756,49.9999
16.9,-3.69781,9.29118,49.9999
17,-2.75177,9.61392,49.9999
17.1,-1.77823,9.84061,49.9999
17.2,-0.786923,9.96898,49.9999
17.3,0.212244,9.99774,49.9999
17.4,1.20929,9.9266,49.9999
17.5,2.19426,9.75628,49.9999
17.6,3.1573,9.48848,49.9999
17.7,4.08879,9.12587,49.9999
17.8,4.97943,8.67208,49.9999
17.9,5.82031,8.13165,49.9999
18,6.60305,7.50996,49.9999
18.1,7.3198,6.81324,49.9999
18.2,7.96342,6.04844,49.9999
18.3,8.52748,5.22321,49.9999
18.4,9.00632,4.34579,49.9999
18.5,9.39518,3.42495,49.9999
18.6,9.69017,2.46988,49.9999
18.7,9.88834,1.49014,49.9999
18.8,9.9877,0.495512,49.9999
18.9,9.98727,-0.504069,49.9999
19,9.88706,-1.49861,49.9999
19.1,9.68805,-2.47819,49.9999
19.2,9.39225,-3.43299,49.9999
19.3,9.0026,-4.3535,49.9999
19.4,8.523,-5.23051,49.9999
19.5,7.95824,-6.05526,49.9999
19.6,7.31396,-6.81951,49.9999
19.7,6.59661,-7.51562,49.9999
19.8,5.81334,-8.13663,49.9999
19.9,4.97199,-8.67635,49.9999
20,4.08097,-9.12937,49.9999
20.1,3.14916,-9.49118,49.9999
20.2,2.18589,-9.75815,49.9999
20.3,1.20078,-9.92763,49.9999
20.4,0.203678,-9.99791,49.9999
20.5,-0.795465,-9.9683,49.9999
20.6,-1.78666,-9.83908,49.9999
20.7,-2.76,-9.61156,49.9999
20.8,-3.70577,-9.288,49.9999
20.9,-4.61451,-8.87164,49.9999
21,-5.47714,-8.36664,49.9999
21.1,-6.28505,-7.77804,49.9999
21.2,-7.03015,-7.11173,49.9999
21.3,-7.70502,-6.37435,49.9999
21.4,-8.3029,-5.57329,49.9999
21.5,-8.81782,-4.71654,49.9999
21.6,-9.24464,-3.81267,49.9999
21.7,-9.57908,-2.87069,49.9998
21.8,-9.81782,-1.90004,49.9998
21.9,-9.95846,-0.910404,49.9998
22,-9.99959,0.0883303,49.9998
22.1,-9.94082,1.08618,49.9998
22.2,-9.78272,2.07318,49.9998
22.3,-9.52687,3.03946,49.9998
22.4,-9.17584,3.97538,49.9998
22.5,-8.73312,4.87157,49.9998
22.6,-8.20315,5.71909,49.9998
22.7,-7.59121,6.50947,49.9998
22.8,-6.90342,7.23481,49.9998
22.9,-6.14666,7.88785,49.9998
23,-5.32848,8.46209,49.9998
23.1,-4.45706,8.95177,49.9998
23.2,-3.54111,9.35202,49.9998
23.3,-2.58978,9.65882,49.9998
23.4,-1.61257,9.86911,49.9998
23.5,-0.619247,9.98079,49.9998
23.6,0.380263,9.99275,49.9998
23.7,1.37597,9.90487,49.9998
23.8,2.35793,9.71802,49.9998
23.9,3.31634,9.43406,49.9998
24,4.2416,9.05585,49.9998
24.1,5.12449,8.58716,49.9998
24.2,5.95617,8.03266,49.9998
24.3,6.72834,7.39791,49.9998
24.4,7.43329,6.68924,49.9998
24.5,8.06396,5.91373,49.9998
24.6,8.61406,5.07913,49.9998
24.7,9.07809,4.19379,49.9998
24.8,9.45142,3.26654,49.9998
24.9,9.73031,2.30665,49.9998
25,9.91198,1.32372,49.9998
25.1,9.99462,0.327562,49.9998
25.2,9.97739,-0.671871,49.9998
25.3,9.86047,-1.66459,49.9998
25.4,9.64502,-2.64068,49.9998
25.5,9.33321,-3.59038,49.9998
25.6,8.92814,-4.50421,49.9998
25.7,8.43387,-5.37303,49.9998
25.8,7.85533,-6.18817,49.9998
25.9,7.1983,-6.94148,49.9998
26,6.46935,-7.62543,49.9998
26.1,5.67575,-8.23319,49.9998
26.2,4.82545,-8.75869,49.9998
26.3,3.92694,-9.19667,49.9998
26.4,2.98918,-9.54277,49.9998
26.5,2.02156,-9.79351,49.9998
26.6,1.03374,-9.94641,49.9998
26.7,0.0355971,-9.99992,49.9998
26.8,-0.962906,-9.95351,49.9998
26.9,-1.95179,-9.80766,49.9998
27,-2.92117,-9.56381,49.9998
27.1,-3.86136,-9.2244,49.9998
27.2,-4.76297,-8.79282,49.9998
27.3,-5.61699,-8.27339,49.9998
27.4,-6.41489,-7.67129,49.9998
27.5,-7.1487,-6.99255,49.9998
27.6,-7.81107,-6.24394,49.9998
27.7,-8.3954,-5.43294,49.9998
27.8,-8.89585,-4.56766,49.9998
27.9,-9.30741,-3.65673,49.9998
28,-9.62598,-2.70928,49.9998
28.1,-9.84836,-1.73475,49.9998
28.2,-9.97235,-0.742887,49.9998
28.3,-9.99669,0.256398,49.9998
28.4,-9.92115,1.25312,49.9998
28.5,-9.74649,2.23732,49.9998
28.6,-9.47444,3.19917,49.9998
28.7,-9.10772,4.12905,49.9998
28.8,-8.65,5.01768,49.9998
28.9,-8.10586,5.85617,49.9998
29,-7.48072,6.63615,49.9998
29.1,-6.78084,7.34982,49.9998
29.2,-6.01321,7.99005,49.9998
29.3,-5.18549,8.55045,49.9998
29.4,-4.30597,9.02542,49.9998
29.5,-3.38342,9.41021,49.9998
29.6,-2.42706,9.70098,49.9998
29.7,-1.44645,9.89481,49.9998
29.8,-0.451395,9.98979,49.9998
29.9,0.548174,9.98494,49.9998
30,1.54227,9.88033,49.9998
30.1,2.52095,9.677,49.9998
30.2,3.47444,9.37698,49.9998
30.3,4.39322,8.98327,49.9998
30.4,5.2681,8.49981,49.9998
30.5,6.09035,7.93141,49.9998
30.6,6.85174,7.28377,49.9998
30.7,7.54467,6.56335,49.9998
30.8,8.16222,5.77735,49.9998
30.9,8.69821,4.93362,49.9998
31,9.1473,4.0406,49.9998
31.1,9.50499,3.10721,49.9998
31.2,9.76771,2.14277,49.9998
31.3,9.93283,1.15693,49.9998
31.4,9.99871,0.159519,49.9998
31.5,9.96468,-0.839482,49.9998
31.6,9.83109,-1.8301,49.9998
31.7,9.59927,-2.80242,49.9998
31.8,9.27154,-3.74675,49.9998
31.9,8.85117,-4.65364,49.9998
32,8.34236,-5.51403,49.9998
32.1,7.7502,-6.31933,49.9998
32.2,7.0806,-7.06149,49.9998
32.3,6.34026,-7.73309,49.9998
32.4,5.53656,-8.32743,49.9998
32.5,4.67755,-8.83856,49.9998
32.6,3.7718,-9.26138,49.9998
32.7,2.82836,-9.59166,49.9998
32.8,1.85666,-9.82611,49.9998
32.9,0.866412,-9.96237,49.9998
33,-0.132493,-9.9991,49.9998
33.1,-1.13007,-9.93592,49.9998
33.2,-2.11636,-9.77346,49.9998
33.3,-3.08151,-9.51335,49.9998
33.4,-4.01586,-9.15819,49.9998
33.5,-4.91009,-8.71152,49.9998
33.6,-5.75526,-8.1778,49.9998
33.7,-6.54293,-7.56238,49.9998
33.8,-7.26522,-6.8714,49.9998
33.9,-7.91492,-6.11176,49.9998
34,-8.48553,-5.29105,49.9998
34.1,-8.97136,-4.41748,49.9998
34.2,-9.36756,-3.49977,49.9998
34.3,-9.67015,-2.54709,49.9998
34.4,-9.87613,-1.56896,49.9998
34.5,-9.98342,-0.575159,49.9998
34.6,-9.99097,0.424392,49.9998
34.7,-9.89868,1.4197,49.9998
34.8,-9.7075,2.40083,49.9998
34.9,-9.41932,3.35797,49.9998
35,-9.03702,4.28155,49.9998
35.1,-8.56444,5.16236,49.9998
35.2,-8.00627,5.99159,49.9998
35.3,-7.36812,6.76095,49.9998
35.4,-6.65634,7.46275,49.9998
35.5,-5.87805,8.08999,49.9998
35.6,-5.04104,8.6364,49.9998
35.7,-4.15365,9.09652,49.9998
35.8,-3.22476,9.46575,49.9998
35.9,-2.26366,9.7404,49.9998
36,-1.27993,9.91773,49.9998
36.1,-0.283416,9.99596,49.9997
36.2,0.715929,9.97431,49.9997
36.3,1.70812,9.85301,49.9997
36.4,2.68325,9.63326,49.9997
36.5,3.63156,9.31726,49.9997
36.6,4.54359,8.90816,49.9997
36.7,5.41022,8.41005,49.9997
36.8,6.2228,7.82792,49.9997
36.9,6.9732,7.16757,49.9997
37,7.65392,6.4356,49.9997
37.1,8.25817,5.63933,49.9997
37.2,8.77991,4.78672,49.9997
37.3,9.21392,3.88628,49.9997
37.4,9.55587,2.94701,49.9997
37.5,9.80234,1.97829,49.9997
37.6,9.95087,0.989805,49.9997
37.7,9.99997,-0.0085685,49.9997
37.8,9.94916,-1.00686,49.9997
37.9,9.79893,-1.99508,49.9997
38,9.5508,-2.96338,49.9997
38.1,9.20725,-3.90206,49.9997
38.2,8.77169,-4.80176,49.9997
38.3,8.2485,-5.65348,49.9997
38.4,7.64288,-6.44871,49.9997
38.5,6.9609,-7.1795,49.9997
38.6,6.20937,-7.83857,49.9997
38.7,5.3958,-8.41931,49.9997
38.8,4.52832,-8.91593,49.9997
38.9,3.61559,-9.32346,49.9997
39,2.66673,-9.63784,49.9997
39.1,1.69123,-9.85592,49.9997
39.2,0.698835,-9.97552,49.9997
39.3,-0.300546,-9.99546,49.9997
39.4,-1.29692,-9.91552,49.9997
39.5,-2.28034,-9.7365,49.9997
39.6,-3.24098,-9.46021,49.9997
39.7,-4.16923,-9.08939,49.9997
39.8,-5.05583,-8.62775,49.9997
39.9,-5.89191,-8.07991,49.9997
40,-6.66911,-7.45133,49.9997
40.1,-7.37969,-6.74831,49.9997
40.2,-8.01653,-5.97785,49.9997
40.3,-8.57327,-5.14767,49.9997
40.4,-9.04435,-4.26606,49.9997
40.5,-9.42506,-3.34182,49.9997
40.6,-9.7116,-2.38419,49.9997
40.7,-9.9011,-1.40274,49.9997
40.8,-9.99167,-0.40727,49.9997
40.9,-9.98242,0.592267,49.9997
41,-9.87342,1.58589,49.9997
41.1,-9.66577,2.56366,49.9997
41.2,-9.36154,3.51582,49.9997
41.3,-8.96378,4.43285,49.9997
41.4,-8.47645,5.30559,49.9997
41.5,-7.90443,6.12531,49.9997
41.6,-7.25343,6.88384,49.9997
41.7,-6.52996,7.57358,49.9997
41.8,-5.74124,8.18765,49.9997
41.9,-4.89515,8.71991,49.9997
42,-4.00016,9.16505,49.9997
42.1,-3.0652,9.51861,49.9997
42.2,-2.09961,9.77707,49.9997
42.3,-1.11305,9.93783,49.9997
42.4,-0.115357,9.99931,49.9997
42.5,0.883483,9.96087,49.9997
42.6,1.8735,9.8229,49.9997
42.7,2.84479,9.58679,49.9997
42.8,3.78766,9.25489,49.9997
42.9,4.69268,8.83052,49.9997
43,5.55082,8.31792,49.9997
43.1,6.35349,7.72221,49.9997
43.2,7.09269,7.04934,49.9997
43.3,7.76101,6.30604,49.9997
43.4,8.35179,5.49972,49.9997
43.5,8.85912,4.63846,49.9997
43.6,9.27794,3.73085,49.9997
43.7,9.60405,2.78597,49.9997
43.8,9.8342,1.81324,49.9997
43.9,9.96609,0.822404,49.9997
44,9.99841,-0.176653,49.9997
44.1,9.93082,-1.17395,49.9997
44.2,9.76401,-2.15951,49.9997
44.3,9.49964,-3.12349,49.9997
44.4,9.14035,-4.05627,49.9997
44.5,8.68974,-4.94852,49.9997
44.6,8.1523,-5.79132,49.9997
44.7,7.53341,-6.57626,49.9997
44.8,6.83924,-7.29549,49.9997
44.9,6.07674,-7.94183,49.9997
45,5.25352,-8.50881,49.9997
45.1,4.37781,-8.99078,49.9997
45.2,3.45836,-9.38292,49.9997
45.3,2.50436,-9.6813,49.9997
45.4,1.52533,-9.88295,49.9997
45.5,0.531061,-9.98586,49.9997
45.6,-0.468514,-9.98899,49.9997
45.7,-1.46341,-9.89231,49.9997
45.8,-2.44368,-9.69679,49.9997
45.9,-3.39953,-9.40439,49.9997
46,-4.32142,-9.01802,49.9997
46.1,-5.20013,-8.54155,49.9997
46.2,-6.02688,-7.97973,49.9997
46.3,-6.79342,-7.33818,49.9997
46.4,-7.49207,-6.62331,49.9997
46.5,-8.11587,-5.84226,49.9997
46.6,-8.65858,-5.00284,49.9997
46.7,-9.11477,-4.11343,49.9997
46.8,-9.47989,-3.18292,49.9997
46.9,-9.75029,-2.22061,49.9997
47,-9.92327,-1.23611,49.9997
47.1,-9.9971,-0.239266,49.9997
47.2,-9.97105,0.759974,49.9997
47.3,-9.84536,1.75162,49.9997
47.4,-9.62131,2.72576,49.9997
47.5,-9.30112,3.67267,49.9997
47.6,-8.888,4.58289,49.9997
47.7,-8.38607,5.44731,49.9997
47.8,-7.80035,6.25731,49.9997
47.9,-7.13669,7.00478,49.9997
48,-6.40173,7.68227,49.9997
48.1,-5.6028,8.28299,49.9997
48.2,-4.74789,8.80096,49.9997
48.3,-3.84554,9.23099,49.9997
48.4,-2.90477,9.56878,49.9997
48.5,-1.93497,9.81097,49.9997
48.6,-0.945846,9.95513,49.9997
48.7,0.0527339,9.99983,49.9997
48.8,1.05079,9.94461,49.9997
48.9,2.03834,9.79002,49.9997
49,3.00553,9.53762,49.9997
49.1,3.94268,9.18992,49.9997
49.2,4.84045,8.75039,49.9997
49.3,5.68985,8.22344,49.9997
49.4,6.48239,7.61432,49.9997
49.5,7.21017,6.92912,49.9997
49.6,7.86591,6.17469,49.9997
49.7,8.44305,5.35856,49.9997
49.8,8.93583,4.48889,49.9997
49.9,9.33933,3.57437,49.9997
50,9.64952,2.62414,49.9997
50.1,9.86329,1.64769,49.9997
50.2,9.97851,0.65477,49.9997
50.3,9.99402,-0.344688,49.9997
50.4,9.90968,-1.3407,49.9997
50.5,9.72633,-2.32332,49.9996
50.6,9.44579,-3.28273,49.9996
50.7,9.07088,-4.20933,49.9996
50.8,8.60533,-5.09388,49.9996
50.9,8.0538,-5.92753,49.9996
51,7.4218,-6.70195,49.9996
51.1,6.71564,-7.40941,49.9996
51.2,5.94239,-8.04284,49.9996
51.3,5.10976,-8.59591,49.9996
51.4,4.22607,-9.06309,49.9996
51.5,3.30016,-9.43972,49.9996
51.6,2.34127,-9.72202,49.9996
51.7,1.35899,-9.90719,49.9996
51.8,0.363137,-9.99337,49.9996
51.9,-0.636349,-9.9797,49.9996
52,-1.62948,-9.86631,49.9996
52.1,-2.60632,-9.65434,49.9996
52.2,-3.55713,-9.34591,49.9996
52.3,-4.47239,-8.9441,49.9996
52.4,-5.34297,-8.45293,49.9996
52.5,-6.16016,-7.87729,49.9996
52.6,-6.9158,-7.22295,49.9996
52.7,-7.60234,-6.49644,49.9996
52.8,-8.21292,-5.70502,49.9996
52.9,-8.74144,-4.85659,49.9996
53,-9.18262,-3.95964,49.9996
53.1,-9.53205,-3.02313,49.9996
53.2,-9.78624,-2.05641,49.9996
53.3,-9.94265,-1.06914,49.9996
53.4,-9.99971,-0.0711937,49.9996
53.5,-9.95686,0.927466,49.9996
53.6,-9.81453,1.91686,49.9996
53.7,-9.57413,2.8871,49.9996
53.8,-9.23807,3.82849,49.9996
53.9,-8.8097,4.73163,49.9996
54,-8.29332,5.5875,49.9996
54.1,-7.69407,6.38753,49.9996
54.2,-7.01794,7.12375,49.9996
54.3,-6.27169,7.78878,49.9996
54.4,-5.46278,8.37599,49.9996
54.5,-4.59929,8.87952,49.9996
54.6,-3.68984,9.29432,49.9996
54.7,-2.74352,9.61625,49.9996
54.8,-1.76979,9.84211,49.9996
54.9,-0.778379,9.96962,49.9996
55,0.22081,9.99752,49.9996
55.1,1.21779,9.92553,49.9996
55.2,2.20261,9.75437,49.9996
55.3,3.16542,9.48575,49.9996
55.4,4.0966,9.12234,49.9996
55.5,4.98684,8.66779,49.9996
55.6,5.82726,8.12664,49.9996
55.7,6.60946,7.50428,49.9996
55.8,7.32562,6.80695,49.9996
55.9,7.96858,6.0416,49.9996
56,8.53193,5.21589,49.9996
56.1,9.01002,4.33806,49.9996
56.2,9.39809,3.41689,49.9996
56.3,9.69226,2.46157,49.9996
56.4,9.88958,1.48166,49.9996
56.5,9.9881,0.486952,49.9996
56.6,9.98681,-0.512626,49.9996
56.7,9.88574,-1.50708,49.9996
56.8,9.6859,-2.48648,49.9996
56.9,9.38928,-3.44103,49.9996
57,8.99884,-4.3612,49.9996
57.1,8.51849,-5.2378,49.9996
57.2,7.95302,-6.06206,49.9996
57.3,7.3081,-6.82575,49.9996
57.4,6.59015,-7.52125,49.9996
57.5,5.80635,-8.14159,49.9996
57.6,4.96455,-8.68058,49.9996
57.7,4.07313,-9.13284,49.9996
57.8,3.14102,-9.49385,49.9996
57.9,2.17753,-9.76,49.9996
58,1.19227,-9.92863,49.9996
58.1,0.19511,-9.99806,49.9996
58.2,-0.804004,-9.96759,49.9996
58.3,-1.79508,-9.83752,49.9996
58.4,-2.76823,-9.60917,49.9996
58.5,-3.71371,-9.2848,49.9996
58.6,-4.62209,-8.86766,49.9996
58.7,-5.48429,-8.36192,49.9996
58.8,-6.29169,-7.77263,49.9996
58.9,-7.03623,-7.10568,49.9996
59,-7.71046,-6.36773,49.9996
59.1,-8.30765,-5.56616,49.9996
59.2,-8.82183,-4.70897,49.9996
59.3,-9.24787,-3.80473,49.9996
59.4,-9.58151,-2.86248,49.9996
59.5,-9.81942,-1.89162,49.9996
59.6,-9.95921,-0.901868,49.9996
59.7,-9.99949,0.0968982,49.9996
59.8,-9.93986,1.0947,49.9996
59.9,-9.78091,2.08156,49.9996
60,-9.52424,3.04762,49.9996
60.1,-9.17241,3.98323,49.9996
60.2,-8.72892,4.87904,49.9996
60.3,-8.19822,5.72611,49.9996
60.4,-7.58561,6.51595,49.9996
60.5,-6.89721,7.2407,49.9996
60.6,-6.13988,7.8931,49.9996
60.7,-5.32122,8.46663,49.9996
60.8,-4.44938,8.95557,49.9996
60.9,-3.53309,9.35502,49.9996
61,-2.58149,9.66101,49.9996
61.1,-1.60411,9.87046,49.9996
61.2,-0.610693,9.98129,49.9996
61.3,0.388824,9.9924,49.9996
61.4,1.38446,9.90366,49.9996
61.5,2.36625,9.71597,49.9996
61.6,3.32441,9.4312,49.9996
61.7,4.24935,9.05219,49.9996
61.8,5.13183,8.58274,49.9996
61.9,5.96304,8.02754,49.9996
62,6.73466,7.39212,49.9996
62.1,7.439,6.68285,49.9996
62.2,8.069,5.9068,49.9996
62.3,8.61839,5.07174,49.9996
62.4,9.08166,4.186,49.9996
62.5,9.45419,3.25843,49.9996
62.6,9.73226,2.29831,49.9996
62.7,9.91309,1.31522,49.9996
62.8,9.99487,0.318997,49.9996
62.9,9.97678,-0.680418,49.9996
63,9.85901,-1.67303,49.9996
63.1,9.64273,-2.64893,49.9996
63.2,9.33011,-3.59837,49.9996
63.3,8.92426,-4.51184,49.9996
63.4,8.42924,-5.38024,49.9996
63.5,7.85,-6.19488,49.9996
63.6,7.19233,-6.94763,49.9996
63.7,6.46279,-7.63095,49.9996
63.8,5.66868,-8.23803,49.9996
63.9,4.81793,-8.7628,49.9996
64,3.91904,-9.20001,49.9996
64.1,2.981,-9.5453,49.9996
64.2,2.01317,-9.79522,49.9996
64.3,1.02522,-9.94726,49.9996
64.4,0.0270286,-9.99992,49.9996
64.5,-0.971432,-9.95266,49.9996
64.6,-1.96019,-9.80596,49.9996
64.7,-2.92935,-9.56128,49.9996
64.8,-3.86925,-9.22106,49.9996
64.9,-4.77049,-8.78871,49.9995
65,-5.62407,-8.26855,49.9995
65.1,-6.42145,-7.66578,49.9995
65.2,-7.15467,-6.9864,49.9995
65.3,-7.8164,-6.23723,49.9995
65.4,-8.40003,-5.42573,49.9995
65.5,-8.89974,-4.56002,49.9995
65.6,-9.31052,-3.64875,49.9995
65.7,-9.62827,-2.70102,49.9995
65.8,-9.84982,-1.7263,49.9995
65.9,-9.97295,-0.734339,49.9995
66,-9.99644,0.264962,49.9995
66.1,-9.92005,1.26162,49.9995
66.2,-9.74454,2.24567,49.9995
66.3,-9.47167,3.20728,49.9995
66.4,-9.10415,4.13684,49.9995
66.5,-8.64568,5.02507,49.9995
66.6,-8.10081,5.8631,49.9995
66.7,-7.47501,6.64254,49.9995
66.8,-6.77452,7.35561,49.9995
66.9,-6.00634,7.99518,49.9995
67,-5.17815,8.55487,49.9995
67.1,-4.29822,9.02909,49.9995
67.2,-3.37534,9.41308,49.9995
67.3,-2.41874,9.70303,49.9995
67.4,-1.43797,9.89602,49.9995
67.5,-0.442834,9.99014,49.9995
67.6,0.556728,9.98444,49.9995
67.7,1.55073,9.87898,49.9995
67.8,2.52923,9.67482,49.9995
67.9,3.48246,9.37398,49.9995
68,4.4009,8.97948,49.9995
68.1,5.27537,8.49527,49.9995
68.2,6.09712,7.92617,49.9995
68.3,6.85796,7.27787,49.9995
68.4,7.55027,6.55686,49.9995
68.5,8.16715,5.77034,49.9995
68.6,8.70242,4.92615,49.9995
68.7,9.15073,4.03275,49.9995
68.8,9.50762,3.09906,49.9995
68.9,9.76951,2.1344,49.9995
69,9.93379,1.14841,49.9995
69.1,9.99881,0.150951,49.9995
69.2,9.96393,-0.848018,49.9995
69.3,9.82949,-1.83851,49.9995
69.4,9.59684,-2.81064,49.9995
69.5,9.2683,-3.75468,49.9995
69.6,8.84716,-4.66121,49.9995
69.7,8.33761,-5.52116,49.9995
69.8,7.74476,-6.32595,49.9995
69.9,7.07453,-7.06754,49.9995
70,6.33361,-7.7385,49.9995
70.1,5.52941,-8.33215,49.9995
70.2,4.66996,-8.84254,49.9995
70.3,3.76385,-9.26458,49.9995
70.4,2.82013,-9.59405,49.9995
70.5,1.84824,-9.82767,49.9995
70.6,0.857873,-9.96309,49.9995
70.7,-0.141061,-9.99896,49.9995
70.8,-1.13858,-9.93492,49.9995
70.9,-2.12473,-9.77162,49.9995
71,-3.08965,-9.51068,49.9995
71.1,-4.0237,-9.15472,49.9995
71.2,-4.91754,-8.70728,49.9995
71.3,-5.76225,-8.17285,49.9995
71.4,-6.54939,-7.55675,49.9995
71.5,-7.27108,-6.86515,49.9995
71.6,-7.92013,-6.10496,49.9995
71.7,-8.49004,-5.28377,49.9995
71.8,-8.97512,-4.40978,49.9995
71.9,-9.37053,-3.49173,49.9995
72,-9.67231,-2.5388,49.9995
72.1,-9.87744,-1.5605,49.9995
72.2,-9.98388,-0.566603,49.9995
72.3,-9.99057,0.432952,49.9995
72.4,-9.89744,1.42818,49.9995
72.5,-9.70541,2.40914,49.9995
72.6,-9.41641,3.36603,49.9995
72.7,-9.03333,4.28928,49.9995
72.8,-8.55999,5.16968,49.9995
72.9,-8.00112,5.99843,49.9995
73,-7.3623,6.76724,49.9995
73.1,-6.64992,7.46843,49.9995
73.2,-5.8711,8.09501,49.9995
73.3,-5.03362,8.6407,49.9995
73.4,-4.14584,9.10005,49.9995
73.5,-3.21664,9.46848,49.9995
73.6,-2.2553,9.74231,49.9995
73.7,-1.27143,9.91879,49.9995
73.8,-0.27485,9.99617,49.9995
73.9,0.724474,9.97367,49.9995
74,1.71656,9.85152,49.9995
74.1,2.69149,9.63093,49.9995
74.2,3.63954,9.31412,49.9995
74.3,4.55121,8.90424,49.9995
74.4,5.41741,8.40539,49.9995
74.5,6.22949,7.82256,49.9995
74.6,6.97932,7.16157,49.9995
74.7,7.65941,6.42902,49.9995
74.8,8.26298,5.63224,49.9995
74.9,8.78399,4.77918,49.9995
75,9.21722,3.87837,49.9995
75.1,9.55837,2.93881,49.9995
75.2,9.80401,1.96988,49.9995
75.3,9.95169,0.981275,49.9995
75.4,9.99993,-0.0171369,49.9995
75.5,9.94826,-1.01538,49.9995
75.6,9.7972,-2.00347,49.9995
75.7,9.54824,-2.97155,49.9995
75.8,9.20388,-3.90994,49.9995
75.9,8.76755,-4.80926,49.9995
76,8.24363,-5.66053,49.9995
76.1,7.63733,-6.45524,49.9995
76.2,6.95473,-7.18545,49.9995
76.3,6.20264,-7.84386,49.9995
76.4,5.38857,-8.42391,49.9995
76.5,4.52067,-8.91978,49.9995
76.6,3.60759,-9.32653,49.9995
76.7,2.65847,-9.6401,49.9995
76.8,1.68278,-9.85734,49.9995
76.9,0.690286,-9.97609,49.9995
77,-0.30911,-9.99517,49.9995
77.1,-1.30542,-9.91437,49.9995
77.2,-2.28868,-9.73452,49.9995
77.3,-3.24908,-9.4574,49.9995
77.4,-4.17701,-9.08579,49.9995
77.5,-5.0632,-8.62339,49.9995
77.6,-5.89881,-8.07483,49.9995
77.7,-6.67548,-7.4456,49.9995
77.8,-7.38545,-6.74196,49.9995
77.9,-8.02162,-5.97097,49.9995
78,-8.57765,-5.14031,49.9995
78.1,-9.04797,-4.2583,49.9995
78.2,-9.42789,-3.33373,49.9995
78.3,-9.71361,-2.37586,49.9995
78.4,-9.90227,-1.39425,49.9995
78.5,-9.99199,-0.398707,49.9995
78.6,-9.98188,0.600819,49.9995
78.7,-9.87203,1.59434,49.9995
78.8,-9.66354,2.57193,49.9995
78.9,-9.3585,3.52383,49.9995
79,-8.95995,4.44051,49.9995
79.1,-8.47188,5.31283,49.9995
79.2,-7.89916,6.13207,49.9995
79.3,-7.24751,6.89003,49.9994
79.4,-6.52345,7.57915,49.9994
79.5,-5.7342,8.19255,49.9994
79.6,-4.88767,8.72408,49.9994
79.7,-3.9923,9.16845,49.9994
79.8,-3.05703,9.52121,49.9994
79.9,-2.09123,9.77884,49.9994
80,-1.10453,9.93876,49.9994
80.1,-0.106789,9.99937,49.9994
80.2,0.892015,9.96008,49.9994
80.3,1.88191,9.82127,49.9994
80.4,2.853,9.58433,49.9994
80.5,3.79558,9.25162,49.9994
80.6,4.70024,8.82648,49.9994
80.7,5.55793,8.31314,49.9994
80.8,6.36009,7.71674,49.9994
80.9,7.09871,7.04324,49.9994
81,7.76639,6.29937,49.9994
81.1,8.35648,5.49255,49.9994
81.2,8.86307,4.63086,49.9994
81.3,9.28111,3.72289,49.9994
81.4,9.60641,2.77773,49.9994
81.5,9.83573,1.80481,49.9994
81.6,9.96677,0.813862,49.9994
81.7,9.99823,-0.18522,49.9994
81.8,9.92979,-1.18245,49.9994
81.9,9.76213,-2.16787,49.9994
82,9.49694,-3.13162,49.9994
82.1,9.13685,-4.06409,49.9994
82.2,8.68547,-4.95595,49.9994
82.3,8.14731,-5.79829,49.9994
82.4,7.52775,-6.58269,49.9994
82.5,6.83297,-7.30133,49.9994
82.6,6.06992,-7.94701,49.9994
82.7,5.24621,-8.51329,49.9994
82.8,4.3701,-8.9945,49.9994
82.9,3.45031,-9.38585,49.9994
83,2.49605,-9.68342,49.9994
83.1,1.51686,-9.88423,49.9994
83.2,0.522503,-9.98628,49.9994
83.3,-0.477071,-9.98856,49.9994
83.4,-1.47188,-9.89103,49.9994
83.5,-2.45198,-9.69467,49.9994
83.6,-3.40758,-9.40145,49.9994
83.7,-4.32914,-9.01429,49.9994
83.8,-5.20743,-8.53706,49.9994
83.9,-6.0337,-7.97454,49.9994
84,-6.79968,-7.33233,49.9994
84.1,-7.49773,-6.61687,49.9994
84.2,-8.12085,-5.83529,49.9994
84.3,-8.66284,-4.99541,49.9994
84.4,-9.11827,-4.10561,49.9994
84.5,-9.48259,-3.17479,49.9994
84.6,-9.75217,-2.21225,49.9994
84.7,-9.9243,-1.22761,49.9994
84.8,-9.99728,-0.230699,49.9994
84.9,-9.97037,0.768516,49.9994
85,-9.84383,1.76005,49.9994
85.1,-9.61894,2.734,49.9994
85.2,-9.29794,3.68063,49.9994
85.3,-8.88404,4.59049,49.9994
85.4,-8.38138,5.45448,49.9994
85.5,-7.79496,6.26397,49.9994
85.6,-7.13067,7.01087,49.9994
85.7,-6.39513,7.68773,49.9994
85.8,-5.59569,8.28777,49.9994
85.9,-4.74034,8.805,49.9994
86,-3.83762,9.23426,49.9994
86.1,-2.89656,9.57125,49.9994
86.2,-1.92656,9.8126,49.9994
86.3,-0.937313,9.95592,49.9994
86.4,0.0613021,9.99975,49.9994
86.5,1.0593,9.94368,49.9994
86.6,2.04672,9.78824,49.9994
86.7,3.01369,9.53501,49.9994
86.8,3.95055,9.18651,49.9994
86.9,4.84793,8.74622,49.9994
87,5.69688,8.21854,49.9994
87.1,6.4889,7.60874,49.9994
87.2,7.21609,6.92292,49.9994
87.3,7.87118,6.16793,49.9994
87.4,8.44762,5.35131,49.9994
87.5,8.93965,4.48122,49.9994
87.6,9.34237,3.56636,49.9994
87.7,9.65174,2.61586,49.9994
87.8,9.86467,1.63923,49.9994
87.9,9.97904,0.646218,49.9994
88,9.9937,-0.353251,49.9994
88.1,9.9085,-1.34919,49.9994
88.2,9.72431,-2.33165,49.9994
88.3,9.44295,-3.29081,49.9994
88.4,9.06724,-4.21709,49.9994
88.5,8.60094,-5.10124,49.9994
88.6,8.0487,-5.93441,49.9994
88.7,7.41603,-6.70829,49.9994
88.8,6.70927,-7.41515,49.9994
88.9,5.93548,-8.04791,49.9994
89,5.10237,-8.60026,49.9994
89.1,4.21829,-9.06669,49.9994
89.2,3.29206,-9.44252,49.9994
89.3,2.33294,-9.724,49.9994
89.4,1.3505,-9.90833,49.9994
89.5,0.354573,-9.99365,49.9994
89.6,-0.644898,-9.97912,49.9994
89.7,-1.63793,-9.86489,49.9994
89.8,-2.61459,-9.65208,49.9994
89.9,-3.56512,-9.34284,49.9994
90,-4.48004,-8.94025,49.9994
90.1,-5.35019,-8.44832,49.9994
90.2,-6.16689,-7.87199,49.9994
90.3,-6.92197,-7.217,49.9994
90.4,-7.60788,-6.4899,49.9994
90.5,-8.21778,-5.69796,49.9994
90.6,-8.74558,-4.84909,49.9994
90.7,-9.18599,-3.95176,49.9994
90.8,-9.53461,-3.01495,49.9994
90.9,-9.78797,-2.04802,49.9994
91,-9.94353,-1.06062,49.9994
91.1,-9.99974,-0.0626252,49.9994
91.2,-9.95604,0.935995,49.9994
91.3,-9.81285,1.92526,49.9994
91.4,-9.57162,2.89529,49.9994
91.5,-9.23476,3.8364,49.9994
91.6,-8.80562,4.73917,49.9994
91.7,-8.28851,5.59459,49.9994
91.8,-7.68857,6.39411,49.9994
91.9,-7.01182,7.12974,49.9994
92,-6.265,7.79413,49.9994
92.1,-5.45559,8.38065,49.9994
92.2,-4.59166,8.88343,49.9994
92.3,-3.68186,9.29745,49.9994
92.4,-2.73527,9.61858,49.9994
92.5,-1.76135,9.84359,49.9994
92.6,-0.769834,9.97026,49.9994
92.7,0.229376,9.9973,49.9994
92.8,1.22629,9.92446,49.9994
92.9,2.21096,9.75245,49.9994
93,3.17353,9.48301,49.9994
93.1,4.1044,9.11881,49.9994
93.2,4.99426,8.66349,49.9994
93.3,5.83421,8.12162,49.9994
93.4,6.61587,7.4986,49.9994
93.5,7.33143,6.80065,49.9994
93.6,7.97374,6.03475,49.9994
93.7,8.53637,5.20856,49.9994
93.8,9.01371,4.33033,49.9993
93.9,9.40099,3.40882,49.9993
94,9.69434,2.45326,49.9993
94.1,9.89082,1.47319,49.9993
94.2,9.98849,0.478392,49.9993
94.3,9.98634,-0.521181,49.9993
94.4,9.88442,-1.51555,49.9993
94.5,9.68374,-2.49477,49.9993
94.6,9.3863,-3.44907,49.9993
94.7,8.99508,-4.3689,49.9993
94.8,8.51398,-5.24508,49.9993
94.9,7.94781,-6.06886,49.9993
95,7.30223,-6.832,49.9993
95.1,6.58368,-7.52687,49.9993
95.2,5.79936,-8.14654,49.9993
95.3,4.95709,-8.68481,49.9993
95.4,4.06529,-9.1363,49.9993
95.5,3.13288,-9.49651,49.9993
95.6,2.16916,-9.76184,49.9993
95.7,1.18376,-9.92962,49.9993
95.8,0.186543,-9.99819,49.9993
95.9,-0.812542,-9.96687,49.9993
96,-1.80351,-9.83596,49.9993
96.1,-2.77645,-9.60677,49.9993
96.2,-3.72166,-9.28159,49.9993
96.3,-4.62968,-8.86368,49.9993
96.4,-5.49144,-8.3572,49.9993
96.5,-6.29833,-7.76722,49.9993
96.6,-7.04229,-7.09963,49.9993
96.7,-7.71589,-6.36111,49.9993
96.8,-8.3124,-5.55902,49.9993
96.9,-8.82584,-4.7014,49.9993
97,-9.25111,-3.7968,49.9993
97.1,-9.58394,-2.85426,49.9993
97.2,-9.82101,-1.8832,49.9993
97.3,-9.95995,-0.893332,49.9993
97.4,-9.99938,0.105466,49.9993
97.5,-9.93889,1.10321,49.9993
97.6,-9.7791,2.08993,49.9993
97.7,-9.5216,3.05577,49.9993
97.8,-9.16897,3.99108,49.9993
97.9,-8.72472,4.88651,49.9993
98,-8.19329,5.73311,49.9993
98.1,-7.58001,6.52244,49.9993
98.2,-6.89098,7.24659,49.9993
98.3,-6.1331,7.89833,49.9993
98.4,-5.31395,8.47116,49.9993
98.5,-4.44169,8.95935,49.9993
98.6,-3.52506,9.35802,49.9993
98.7,-2.57321,9.66319,49.9993
98.8,-1.59565,9.87181,49.9993
98.9,-0.602139,9.98179,49.9993
99,0.397385,9.99203,49.9993
99.1,1.39294,9.90244,49.9993
99.2,2.37457,9.71391,49.9993
99.3,3.33248,9.42832,49.9993
99.4,4.25709,9.04852,49.9993
99.5,5.13917,8.57832,49.9993
99.6,5.9699,8.0224,49.9993
99.7,6.74098,7.38633,49.9993
99.8,7.4447,6.67645,49.9993
99.9,8.07404,5.89987,49.9993
100,8.62271,5.06434,49.9993
